id_subsistema;nom_subsistema;din_instante;val_cargaenergiamwmed
N;Norte;31-01-00 00:00:00;2.397,64408602
NE;Nordeste;31-01-00 00:00:00;5.666,02526882
S;Sul;31-01-00 00:00:00;6.726,53514785
SE;Sudeste/Centro-Oeste;31-01-00 00:00:00;24.463,18615591
N;Norte;29-02-00 00:00:00;2.409,03548851
NE;Nordeste;29-02-00 00:00:00;5.780,17356322
S;Sul;29-02-00 00:00:00;6.887,40028736
SE;Sudeste/Centro-Oeste;29-02-00 00:00:00;25.588,78850575
N;Norte;31-03-00 00:00:00;2.407,97284946
NE;Nordeste;31-03-00 00:00:00;5.839,95053763
S;Sul;31-03-00 00:00:00;6.837,28530914
SE;Sudeste/Centro-Oeste;31-03-00 00:00:00;25.470,85502418
N;Norte;30-04-00 00:00:00;2.417,57013889
NE;Nordeste;30-04-00 00:00:00;5.766,36805556
S;Sul;30-04-00 00:00:00;6.678,98361111
SE;Sudeste/Centro-Oeste;30-04-00 00:00:00;25.352,02611111
N;Norte;31-05-00 00:00:00;2.461,79986559
NE;Nordeste;31-05-00 00:00:00;5.839,97836022
S;Sul;31-05-00 00:00:00;6.649,08790323
SE;Sudeste/Centro-Oeste;31-05-00 00:00:00;25.457,51612903
N;Norte;30-06-00 00:00:00;2.486,75359195
NE;Nordeste;30-06-00 00:00:00;5.687,11451149
S;Sul;30-06-00 00:00:00;6.682,10041667
SE;Sudeste/Centro-Oeste;30-06-00 00:00:00;24.734,85180556
N;Norte;31-07-00 00:00:00;2.441,67432796
NE;Nordeste;31-07-00 00:00:00;5.633,04892473
S;Sul;31-07-00 00:00:00;6.590,12934140
SE;Sudeste/Centro-Oeste;31-07-00 00:00:00;25.299,99731183
N;Norte;31-08-00 00:00:00;2.564,46854839
NE;Nordeste;31-08-00 00:00:00;5.783,96142473
S;Sul;31-08-00 00:00:00;6.719,18279570
SE;Sudeste/Centro-Oeste;31-08-00 00:00:00;26.006,38830645
N;Norte;30-09-00 00:00:00;2.586,58036111
NE;Nordeste;30-09-00 00:00:00;5.882,00527778
S;Sul;30-09-00 00:00:00;6.561,03833333
SE;Sudeste/Centro-Oeste;30-09-00 00:00:00;26.045,44756944
N;Norte;31-10-00 00:00:00;2.565,32242461
NE;Nordeste;31-10-00 00:00:00;6.149,06935484
S;Sul;31-10-00 00:00:00;6.765,57726741
SE;Sudeste/Centro-Oeste;31-10-00 00:00:00;27.077,48407550
N;Norte;30-11-00 00:00:00;2.562,26581944
NE;Nordeste;30-11-00 00:00:00;6.221,26083333
S;Sul;30-11-00 00:00:00;6.825,49666667
SE;Sudeste/Centro-Oeste;30-11-00 00:00:00;26.253,36291667
N;Norte;31-12-00 00:00:00;2.540,14723118
NE;Nordeste;31-12-00 00:00:00;6.093,43508065
S;Sul;31-12-00 00:00:00;6.894,44629032
SE;Sudeste/Centro-Oeste;31-12-00 00:00:00;26.041,55573925
N;Norte;31-01-01 00:00:00;2.521,86212366
NE;Nordeste;31-01-01 00:00:00;6.098,41868280
S;Sul;31-01-01 00:00:00;7.218,11944892
SE;Sudeste/Centro-Oeste;31-01-01 00:00:00;26.625,97615591
N;Norte;28-02-01 00:00:00;2.508,24985119
NE;Nordeste;28-02-01 00:00:00;6.243,72842262
S;Sul;28-02-01 00:00:00;7.470,29598214
SE;Sudeste/Centro-Oeste;28-02-01 00:00:00;27.539,32787202
N;Norte;31-03-01 00:00:00;2.523,29959677
NE;Nordeste;31-03-01 00:00:00;6.186,35981183
S;Sul;31-03-01 00:00:00;7.737,78561828
SE;Sudeste/Centro-Oeste;31-03-01 00:00:00;27.824,66299731
N;Norte;30-04-01 00:00:00;2.543,34766667
NE;Nordeste;30-04-01 00:00:00;5.970,96055556
S;Sul;30-04-01 00:00:00;7.160,86847222
SE;Sudeste/Centro-Oeste;30-04-01 00:00:00;27.213,96500000
N;Norte;31-05-01 00:00:00;2.607,19470430
NE;Nordeste;31-05-01 00:00:00;5.881,93440860
S;Sul;31-05-01 00:00:00;6.742,80564516
SE;Sudeste/Centro-Oeste;31-05-01 00:00:00;25.055,13888441
N;Norte;30-06-01 00:00:00;2.539,35225000
NE;Nordeste;30-06-01 00:00:00;4.546,77236111
S;Sul;30-06-01 00:00:00;6.417,52448611
SE;Sudeste/Centro-Oeste;30-06-01 00:00:00;20.512,82373611
N;Norte;31-07-01 00:00:00;2.220,61224462
NE;Nordeste;31-07-01 00:00:00;4.472,27043011
S;Sul;31-07-01 00:00:00;6.399,32379032
SE;Sudeste/Centro-Oeste;31-07-01 00:00:00;19.852,42819892
N;Norte;31-08-01 00:00:00;2.150,63903226
NE;Nordeste;31-08-01 00:00:00;4.596,12983871
S;Sul;31-08-01 00:00:00;6.667,84596774
SE;Sudeste/Centro-Oeste;31-08-01 00:00:00;20.395,28525538
N;Norte;30-09-01 00:00:00;2.065,40252778
NE;Nordeste;30-09-01 00:00:00;4.753,09473611
S;Sul;30-09-01 00:00:00;6.430,78680556
SE;Sudeste/Centro-Oeste;30-09-01 00:00:00;20.646,84029167
N;Norte;31-10-01 00:00:00;2.095,13995968
NE;Nordeste;31-10-01 00:00:00;4.888,57293011
S;Sul;31-10-01 00:00:00;6.615,64412634
SE;Sudeste/Centro-Oeste;31-10-01 00:00:00;20.952,31772715
N;Norte;30-11-01 00:00:00;2.058,80733333
NE;Nordeste;30-11-01 00:00:00;4.961,08752778
S;Sul;30-11-01 00:00:00;6.753,23633333
SE;Sudeste/Centro-Oeste;30-11-01 00:00:00;21.504,02511111
N;Norte;31-12-01 00:00:00;2.027,05766129
NE;Nordeste;31-12-01 00:00:00;4.981,31813172
S;Sul;31-12-01 00:00:00;6.604,43801075
SE;Sudeste/Centro-Oeste;31-12-01 00:00:00;21.349,00794355
N;Norte;31-01-02 00:00:00;2.169,83467742
NE;Nordeste;31-01-02 00:00:00;4.918,06663978
S;Sul;31-01-02 00:00:00;6.691,20560476
SE;Sudeste/Centro-Oeste;31-01-02 00:00:00;22.719,87901889
N;Norte;28-02-02 00:00:00;2.179,53020833
NE;Nordeste;28-02-02 00:00:00;5.247,67956845
S;Sul;28-02-02 00:00:00;6.813,44180107
SE;Sudeste/Centro-Oeste;28-02-02 00:00:00;23.452,70220191
N;Norte;31-03-02 00:00:00;2.306,49932796
NE;Nordeste;31-03-02 00:00:00;5.378,06142473
S;Sul;31-03-02 00:00:00;7.129,67801090
SE;Sudeste/Centro-Oeste;31-03-02 00:00:00;25.133,20122297
N;Norte;30-04-02 00:00:00;2.495,56513889
NE;Nordeste;30-04-02 00:00:00;5.567,26771250
S;Sul;30-04-02 00:00:00;6.905,07129149
SE;Sudeste/Centro-Oeste;30-04-02 00:00:00;25.772,85000018
N;Norte;31-05-02 00:00:00;2.282,07983871
NE;Nordeste;31-05-02 00:00:00;5.512,95323522
S;Sul;31-05-02 00:00:00;6.579,32120976
SE;Sudeste/Centro-Oeste;31-05-02 00:00:00;24.774,47123648
N;Norte;30-06-02 00:00:00;2.297,15750000
NE;Nordeste;30-06-02 00:00:00;5.424,85994178
S;Sul;30-06-02 00:00:00;6.527,41726437
SE;Sudeste/Centro-Oeste;30-06-02 00:00:00;24.626,89848563
N;Norte;31-07-02 00:00:00;2.369,90497312
NE;Nordeste;31-07-02 00:00:00;5.557,56037634
S;Sul;31-07-02 00:00:00;6.502,23667174
SE;Sudeste/Centro-Oeste;31-07-02 00:00:00;24.237,84665085
N;Norte;31-08-02 00:00:00;2.439,60900538
NE;Nordeste;31-08-02 00:00:00;5.667,05087366
S;Sul;31-08-02 00:00:00;6.567,43080619
SE;Sudeste/Centro-Oeste;31-08-02 00:00:00;25.149,89240725
N;Norte;30-09-02 00:00:00;2.347,17861111
NE;Nordeste;30-09-02 00:00:00;5.847,86726389
S;Sul;30-09-02 00:00:00;6.394,49859691
SE;Sudeste/Centro-Oeste;30-09-02 00:00:00;24.970,46791698
N;Norte;31-10-02 00:00:00;2.267,89946237
NE;Nordeste;31-10-02 00:00:00;6.085,97983719
S;Sul;31-10-02 00:00:00;6.806,03616927
SE;Sudeste/Centro-Oeste;31-10-02 00:00:00;27.126,00813181
N;Norte;30-11-02 00:00:00;2.313,47527778
NE;Nordeste;30-11-02 00:00:00;6.180,76838889
S;Sul;30-11-02 00:00:00;6.741,83263847
SE;Sudeste/Centro-Oeste;30-11-02 00:00:00;26.383,89659765
N;Norte;31-12-02 00:00:00;2.588,39018817
NE;Nordeste;31-12-02 00:00:00;6.100,10755376
S;Sul;31-12-02 00:00:00;6.650,01133095
SE;Sudeste/Centro-Oeste;31-12-02 00:00:00;25.636,16088679
N;Norte;31-01-03 00:00:00;2.611,26397849
NE;Nordeste;31-01-03 00:00:00;6.152,36784946
S;Sul;31-01-03 00:00:00;7.029,96420766
SE;Sudeste/Centro-Oeste;31-01-03 00:00:00;25.693,74368213
N;Norte;28-02-03 00:00:00;2.682,50654762
NE;Nordeste;28-02-03 00:00:00;5.958,59677083
S;Sul;28-02-03 00:00:00;7.360,90284176
SE;Sudeste/Centro-Oeste;28-02-03 00:00:00;27.507,62498562
N;Norte;31-03-03 00:00:00;2.712,74206989
NE;Nordeste;31-03-03 00:00:00;5.833,33829301
S;Sul;31-03-03 00:00:00;7.080,42807780
SE;Sudeste/Centro-Oeste;31-03-03 00:00:00;26.389,86064531
N;Norte;30-04-03 00:00:00;2.774,44716667
NE;Nordeste;30-04-03 00:00:00;5.987,99348611
S;Sul;30-04-03 00:00:00;6.804,04554153
SE;Sudeste/Centro-Oeste;30-04-03 00:00:00;26.235,74610292
N;Norte;31-05-03 00:00:00;2.846,96680108
NE;Nordeste;31-05-03 00:00:00;5.919,62044355
S;Sul;31-05-03 00:00:00;6.597,38999043
SE;Sudeste/Centro-Oeste;31-05-03 00:00:00;25.354,74973135
N;Norte;30-06-03 00:00:00;2.862,79250000
NE;Nordeste;30-06-03 00:00:00;5.734,50225972
S;Sul;30-06-03 00:00:00;6.572,19553016
SE;Sudeste/Centro-Oeste;30-06-03 00:00:00;25.326,08679207
N;Norte;31-07-03 00:00:00;2.745,87197581
NE;Nordeste;31-07-03 00:00:00;5.783,52776882
S;Sul;31-07-03 00:00:00;6.656,89513437
SE;Sudeste/Centro-Oeste;31-07-03 00:00:00;25.308,79012101
N;Norte;31-08-03 00:00:00;2.610,08233871
NE;Nordeste;31-08-03 00:00:00;5.922,72654570
S;Sul;31-08-03 00:00:00;6.566,81908592
SE;Sudeste/Centro-Oeste;31-08-03 00:00:00;25.465,21360225
N;Norte;30-09-03 00:00:00;2.666,06723611
NE;Nordeste;30-09-03 00:00:00;6.153,35251389
S;Sul;30-09-03 00:00:00;6.773,09297259
SE;Sudeste/Centro-Oeste;30-09-03 00:00:00;26.242,62583297
N;Norte;31-10-03 00:00:00;2.683,47912634
NE;Nordeste;31-10-03 00:00:00;6.325,03022849
S;Sul;31-10-03 00:00:00;6.876,26409955
SE;Sudeste/Centro-Oeste;31-10-03 00:00:00;26.829,76115583
N;Norte;30-11-03 00:00:00;2.872,80090278
NE;Nordeste;30-11-03 00:00:00;6.312,73034722
S;Sul;30-11-03 00:00:00;6.945,77158373
SE;Sudeste/Centro-Oeste;30-11-03 00:00:00;26.804,53481211
N;Norte;31-12-03 00:00:00;2.829,30221774
NE;Nordeste;31-12-03 00:00:00;6.388,41694892
S;Sul;31-12-03 00:00:00;6.831,29106176
SE;Sudeste/Centro-Oeste;31-12-03 00:00:00;26.662,93697588
N;Norte;31-01-04 00:00:00;2.866,96801075
NE;Nordeste;31-01-04 00:00:00;5.975,13640860
S;Sul;31-01-04 00:00:00;7.205,91853547
SE;Sudeste/Centro-Oeste;31-01-04 00:00:00;26.275,93167958
N;Norte;29-02-04 00:00:00;2.846,25704023
NE;Nordeste;29-02-04 00:00:00;5.939,70156609
S;Sul;29-02-04 00:00:00;7.395,32780161
SE;Sudeste/Centro-Oeste;29-02-04 00:00:00;26.801,95109207
N;Norte;31-03-04 00:00:00;2.922,58400538
NE;Nordeste;31-03-04 00:00:00;6.199,61946237
S;Sul;31-03-04 00:00:00;7.639,80193573
SE;Sudeste/Centro-Oeste;31-03-04 00:00:00;27.520,84330676
N;Norte;30-04-04 00:00:00;2.924,74069444
NE;Nordeste;30-04-04 00:00:00;6.209,76804167
S;Sul;30-04-04 00:00:00;7.421,00154118
SE;Sudeste/Centro-Oeste;30-04-04 00:00:00;27.323,33718104
N;Norte;31-05-04 00:00:00;2.988,82715054
NE;Nordeste;31-05-04 00:00:00;6.168,84356183
S;Sul;31-05-04 00:00:00;6.961,25365605
SE;Sudeste/Centro-Oeste;31-05-04 00:00:00;26.606,29612890
N;Norte;30-06-04 00:00:00;2.997,59972222
NE;Nordeste;30-06-04 00:00:00;5.999,99530556
S;Sul;30-06-04 00:00:00;7.053,37686169
SE;Sudeste/Centro-Oeste;30-06-04 00:00:00;26.579,44844942
N;Norte;31-07-04 00:00:00;2.991,48131720
NE;Nordeste;31-07-04 00:00:00;6.037,20327957
S;Sul;31-07-04 00:00:00;7.071,69599470
SE;Sudeste/Centro-Oeste;31-07-04 00:00:00;26.657,82241229
N;Norte;31-08-04 00:00:00;3.014,82056452
NE;Nordeste;31-08-04 00:00:00;6.221,52272849
S;Sul;31-08-04 00:00:00;7.112,18946233
SE;Sudeste/Centro-Oeste;31-08-04 00:00:00;27.178,62867073
N;Norte;30-09-04 00:00:00;3.042,84194444
NE;Nordeste;30-09-04 00:00:00;6.442,20233333
S;Sul;30-09-04 00:00:00;7.229,75213870
SE;Sudeste/Centro-Oeste;30-09-04 00:00:00;28.426,38831408
N;Norte;31-10-04 00:00:00;3.033,28682796
NE;Nordeste;31-10-04 00:00:00;6.598,93162634
S;Sul;31-10-04 00:00:00;7.058,34776842
SE;Sudeste/Centro-Oeste;31-10-04 00:00:00;27.771,49564556
N;Norte;30-11-04 00:00:00;3.022,34955556
NE;Nordeste;30-11-04 00:00:00;6.695,90154167
S;Sul;30-11-04 00:00:00;7.241,64043084
SE;Sudeste/Centro-Oeste;30-11-04 00:00:00;28.156,10778028
N;Norte;31-12-04 00:00:00;3.022,02110215
NE;Nordeste;31-12-04 00:00:00;6.734,77784946
S;Sul;31-12-04 00:00:00;7.451,36658613
SE;Sudeste/Centro-Oeste;31-12-04 00:00:00;27.695,44342731
N;Norte;31-01-05 00:00:00;2.982,24973118
NE;Nordeste;31-01-05 00:00:00;6.701,01983871
S;Sul;31-01-05 00:00:00;7.812,90592756
SE;Sudeste/Centro-Oeste;31-01-05 00:00:00;27.829,38264771
N;Norte;28-02-05 00:00:00;2.991,04523810
NE;Nordeste;28-02-05 00:00:00;6.666,21556548
S;Sul;28-02-05 00:00:00;8.037,17468726
SE;Sudeste/Centro-Oeste;28-02-05 00:00:00;28.324,55217286
N;Norte;31-03-05 00:00:00;3.041,24119624
NE;Nordeste;31-03-05 00:00:00;6.774,05286290
S;Sul;31-03-05 00:00:00;8.175,20657197
SE;Sudeste/Centro-Oeste;31-03-05 00:00:00;29.329,88920760
N;Norte;30-04-05 00:00:00;3.043,09543056
NE;Nordeste;30-04-05 00:00:00;6.731,55873611
S;Sul;30-04-05 00:00:00;7.701,98627789
SE;Sudeste/Centro-Oeste;30-04-05 00:00:00;29.611,05501377
N;Norte;31-05-05 00:00:00;3.112,12998656
NE;Nordeste;31-05-05 00:00:00;6.551,29286290
S;Sul;31-05-05 00:00:00;7.313,97517425
SE;Sudeste/Centro-Oeste;31-05-05 00:00:00;27.852,86724511
N;Norte;30-06-05 00:00:00;3.126,65827778
NE;Nordeste;30-06-05 00:00:00;6.391,42600000
S;Sul;30-06-05 00:00:00;7.396,14643060
SE;Sudeste/Centro-Oeste;30-06-05 00:00:00;27.921,09989718
N;Norte;31-07-05 00:00:00;3.026,74646505
NE;Nordeste;31-07-05 00:00:00;6.409,12744624
S;Sul;31-07-05 00:00:00;7.124,24268819
SE;Sudeste/Centro-Oeste;31-07-05 00:00:00;27.217,23512095
N;Norte;31-08-05 00:00:00;3.134,20670699
NE;Nordeste;31-08-05 00:00:00;6.571,48909946
S;Sul;31-08-05 00:00:00;7.288,74893676
SE;Sudeste/Centro-Oeste;31-08-05 00:00:00;28.499,19848932
N;Norte;30-09-05 00:00:00;3.169,67902778
NE;Nordeste;30-09-05 00:00:00;6.797,34518056
S;Sul;30-09-05 00:00:00;7.199,52711389
SE;Sudeste/Centro-Oeste;30-09-05 00:00:00;28.242,86740972
N;Norte;31-10-05 00:00:00;3.160,95269892
NE;Nordeste;31-10-05 00:00:00;6.885,06069220
S;Sul;31-10-05 00:00:00;7.321,89803091
SE;Sudeste/Centro-Oeste;31-10-05 00:00:00;28.991,80100000
N;Norte;30-11-05 00:00:00;3.207,02204306
NE;Nordeste;30-11-05 00:00:00;6.968,12548333
S;Sul;30-11-05 00:00:00;7.615,22580556
SE;Sudeste/Centro-Oeste;30-11-05 00:00:00;28.312,46225833
N;Norte;31-12-05 00:00:00;3.215,38599462
NE;Nordeste;31-12-05 00:00:00;6.884,55065860
S;Sul;31-12-05 00:00:00;7.724,79459677
SE;Sudeste/Centro-Oeste;31-12-05 00:00:00;28.163,79838172
N;Norte;31-01-06 00:00:00;3.241,99775538
NE;Nordeste;31-01-06 00:00:00;6.932,53110215
S;Sul;31-01-06 00:00:00;8.115,45401882
SE;Sudeste/Centro-Oeste;31-01-06 00:00:00;29.410,09740591
N;Norte;28-02-06 00:00:00;3.285,10589286
NE;Nordeste;28-02-06 00:00:00;7.020,88270833
S;Sul;28-02-06 00:00:00;8.280,37275298
SE;Sudeste/Centro-Oeste;28-02-06 00:00:00;30.149,90831548
N;Norte;31-03-06 00:00:00;3.305,50360215
NE;Nordeste;31-03-06 00:00:00;6.984,02620968
S;Sul;31-03-06 00:00:00;8.410,28309140
SE;Sudeste/Centro-Oeste;31-03-06 00:00:00;30.646,27965054
N;Norte;30-04-06 00:00:00;3.262,09315278
NE;Nordeste;30-04-06 00:00:00;6.718,55509722
S;Sul;30-04-06 00:00:00;7.658,64341667
SE;Sudeste/Centro-Oeste;30-04-06 00:00:00;28.994,79536111
N;Norte;31-05-06 00:00:00;3.351,24337366
NE;Nordeste;31-05-06 00:00:00;6.643,10471774
S;Sul;31-05-06 00:00:00;7.663,54044197
SE;Sudeste/Centro-Oeste;31-05-06 00:00:00;28.369,73352151
N;Norte;30-06-06 00:00:00;3.396,61101389
NE;Nordeste;30-06-06 00:00:00;6.526,42406944
S;Sul;30-06-06 00:00:00;7.682,02362500
SE;Sudeste/Centro-Oeste;30-06-06 00:00:00;28.456,18194444
N;Norte;31-07-06 00:00:00;3.324,30041667
NE;Nordeste;31-07-06 00:00:00;6.544,46450806
S;Sul;31-07-06 00:00:00;7.612,42004032
SE;Sudeste/Centro-Oeste;31-07-06 00:00:00;28.707,09936290
N;Norte;31-08-06 00:00:00;3.437,60002688
NE;Nordeste;31-08-06 00:00:00;6.829,50091398
S;Sul;31-08-06 00:00:00;7.741,26487903
SE;Sudeste/Centro-Oeste;31-08-06 00:00:00;29.679,78815860
N;Norte;30-09-06 00:00:00;3.412,26218056
NE;Nordeste;30-09-06 00:00:00;7.018,97746250
S;Sul;30-09-06 00:00:00;7.499,72676389
SE;Sudeste/Centro-Oeste;30-09-06 00:00:00;29.081,09865417
N;Norte;31-10-06 00:00:00;3.420,35197984
NE;Nordeste;31-10-06 00:00:00;7.196,41282796
S;Sul;31-10-06 00:00:00;7.762,99086022
SE;Sudeste/Centro-Oeste;31-10-06 00:00:00;29.255,40004704
N;Norte;30-11-06 00:00:00;3.389,90952778
NE;Nordeste;30-11-06 00:00:00;7.228,42976389
S;Sul;30-11-06 00:00:00;7.820,44427778
SE;Sudeste/Centro-Oeste;30-11-06 00:00:00;29.796,29875000
N;Norte;31-12-06 00:00:00;3.401,54284005
NE;Nordeste;31-12-06 00:00:00;7.279,08992204
S;Sul;31-12-06 00:00:00;7.980,37952957
SE;Sudeste/Centro-Oeste;31-12-06 00:00:00;29.725,43664651
N;Norte;31-01-07 00:00:00;3.420,17568548
NE;Nordeste;31-01-07 00:00:00;7.439,26264785
S;Sul;31-01-07 00:00:00;8.349,92896505
SE;Sudeste/Centro-Oeste;31-01-07 00:00:00;29.960,04143817
N;Norte;28-02-07 00:00:00;3.313,04961310
NE;Nordeste;28-02-07 00:00:00;7.080,92162202
S;Sul;28-02-07 00:00:00;8.529,34017857
SE;Sudeste/Centro-Oeste;28-02-07 00:00:00;30.970,75052083
N;Norte;31-03-07 00:00:00;3.390,01757930
NE;Nordeste;31-03-07 00:00:00;7.157,69465188
S;Sul;31-03-07 00:00:00;8.767,48184140
SE;Sudeste/Centro-Oeste;31-03-07 00:00:00;32.676,08855645
N;Norte;30-04-07 00:00:00;3.481,11723611
NE;Nordeste;30-04-07 00:00:00;7.124,76448611
S;Sul;30-04-07 00:00:00;8.177,31563889
SE;Sudeste/Centro-Oeste;30-04-07 00:00:00;31.350,05961111
N;Norte;31-05-07 00:00:00;3.537,50020161
NE;Nordeste;31-05-07 00:00:00;7.052,03866935
S;Sul;31-05-07 00:00:00;7.919,78838710
SE;Sudeste/Centro-Oeste;31-05-07 00:00:00;29.881,48794355
N;Norte;30-06-07 00:00:00;3.457,95426389
NE;Nordeste;30-06-07 00:00:00;6.953,36587500
S;Sul;30-06-07 00:00:00;7.838,01492361
SE;Sudeste/Centro-Oeste;30-06-07 00:00:00;29.542,48468056
N;Norte;31-07-07 00:00:00;3.434,06185484
NE;Nordeste;31-07-07 00:00:00;7.028,22764785
S;Sul;31-07-07 00:00:00;7.910,57284005
SE;Sudeste/Centro-Oeste;31-07-07 00:00:00;29.573,75717742
N;Norte;31-08-07 00:00:00;3.526,16393817
NE;Nordeste;31-08-07 00:00:00;7.056,67631720
S;Sul;31-08-07 00:00:00;8.035,01993280
SE;Sudeste/Centro-Oeste;31-08-07 00:00:00;30.566,27726344
N;Norte;30-09-07 00:00:00;3.552,60570833
NE;Nordeste;30-09-07 00:00:00;7.248,92220833
S;Sul;30-09-07 00:00:00;7.889,67738750
SE;Sudeste/Centro-Oeste;30-09-07 00:00:00;31.166,00001111
N;Norte;31-10-07 00:00:00;3.562,31274194
NE;Nordeste;31-10-07 00:00:00;7.540,22711022
S;Sul;31-10-07 00:00:00;8.143,15929570
SE;Sudeste/Centro-Oeste;31-10-07 00:00:00;31.967,14805108
N;Norte;30-11-07 00:00:00;3.533,28680556
NE;Nordeste;30-11-07 00:00:00;7.695,36644444
S;Sul;30-11-07 00:00:00;8.097,93776389
SE;Sudeste/Centro-Oeste;30-11-07 00:00:00;31.251,06023611
N;Norte;31-12-07 00:00:00;3.495,22405914
NE;Nordeste;31-12-07 00:00:00;7.494,32387097
S;Sul;31-12-07 00:00:00;8.353,20455645
SE;Sudeste/Centro-Oeste;31-12-07 00:00:00;31.206,31552419
N;Norte;31-01-08 00:00:00;3.467,76498656
NE;Nordeste;31-01-08 00:00:00;7.463,33828763
S;Sul;31-01-08 00:00:00;8.754,51552419
SE;Sudeste/Centro-Oeste;31-01-08 00:00:00;31.190,80647043
N;Norte;29-02-08 00:00:00;3.533,27283190
NE;Nordeste;29-02-08 00:00:00;7.497,81776437
S;Sul;29-02-08 00:00:00;9.004,06011494
SE;Sudeste/Centro-Oeste;29-02-08 00:00:00;31.503,22244971
N;Norte;31-03-08 00:00:00;3.556,94329301
NE;Nordeste;31-03-08 00:00:00;7.385,14950269
S;Sul;31-03-08 00:00:00;8.769,57395161
SE;Sudeste/Centro-Oeste;31-03-08 00:00:00;32.245,93611559
N;Norte;30-04-08 00:00:00;3.605,88281944
NE;Nordeste;30-04-08 00:00:00;7.473,69166667
S;Sul;30-04-08 00:00:00;8.537,26197222
SE;Sudeste/Centro-Oeste;30-04-08 00:00:00;32.252,52808333
N;Norte;31-05-08 00:00:00;3.641,96294355
NE;Nordeste;31-05-08 00:00:00;7.466,56900538
S;Sul;31-05-08 00:00:00;8.008,60774597
SE;Sudeste/Centro-Oeste;31-05-08 00:00:00;30.832,63399194
N;Norte;30-06-08 00:00:00;3.633,81137500
NE;Nordeste;30-06-08 00:00:00;7.227,84879167
S;Sul;30-06-08 00:00:00;8.278,49803333
SE;Sudeste/Centro-Oeste;30-06-08 00:00:00;31.221,21134722
N;Norte;31-07-08 00:00:00;3.624,53110215
NE;Nordeste;31-07-08 00:00:00;7.160,85661290
S;Sul;31-07-08 00:00:00;8.373,80671909
SE;Sudeste/Centro-Oeste;31-07-08 00:00:00;31.335,82005376
N;Norte;31-08-08 00:00:00;3.693,58685484
NE;Nordeste;31-08-08 00:00:00;7.373,48129032
S;Sul;31-08-08 00:00:00;8.239,52883602
SE;Sudeste/Centro-Oeste;31-08-08 00:00:00;32.320,35213710
N;Norte;30-09-08 00:00:00;3.741,49261111
NE;Nordeste;30-09-08 00:00:00;7.661,38690278
S;Sul;30-09-08 00:00:00;8.239,57788889
SE;Sudeste/Centro-Oeste;30-09-08 00:00:00;32.087,30625000
N;Norte;31-10-08 00:00:00;3.744,64068145
NE;Nordeste;31-10-08 00:00:00;7.806,03680780
S;Sul;31-10-08 00:00:00;8.333,54767473
SE;Sudeste/Centro-Oeste;31-10-08 00:00:00;32.914,44456720
N;Norte;30-11-08 00:00:00;3.692,19043056
NE;Nordeste;30-11-08 00:00:00;7.835,02543333
S;Sul;30-11-08 00:00:00;8.352,76387500
SE;Sudeste/Centro-Oeste;30-11-08 00:00:00;30.936,54510833
N;Norte;31-12-08 00:00:00;3.619,02916667
NE;Nordeste;31-12-08 00:00:00;7.353,98135753
S;Sul;31-12-08 00:00:00;8.248,51172043
SE;Sudeste/Centro-Oeste;31-12-08 00:00:00;28.845,63350806
N;Norte;31-01-09 00:00:00;3.569,12939516
NE;Nordeste;31-01-09 00:00:00;7.294,52623656
S;Sul;31-01-09 00:00:00;8.344,88953086
SE;Sudeste/Centro-Oeste;31-01-09 00:00:00;29.582,48946237
N;Norte;28-02-09 00:00:00;3.483,24534226
NE;Nordeste;28-02-09 00:00:00;7.366,75129464
S;Sul;28-02-09 00:00:00;8.933,43686607
SE;Sudeste/Centro-Oeste;28-02-09 00:00:00;31.328,50043155
N;Norte;31-03-09 00:00:00;3.570,14533602
NE;Nordeste;31-03-09 00:00:00;7.612,01887097
S;Sul;31-03-09 00:00:00;9.095,49118683
SE;Sudeste/Centro-Oeste;31-03-09 00:00:00;32.278,24798387
N;Norte;30-04-09 00:00:00;3.552,64280556
NE;Nordeste;30-04-09 00:00:00;7.349,41812500
S;Sul;30-04-09 00:00:00;8.537,68121111
SE;Sudeste/Centro-Oeste;30-04-09 00:00:00;30.176,03961111
N;Norte;31-05-09 00:00:00;3.539,46846774
NE;Nordeste;31-05-09 00:00:00;7.123,15169355
S;Sul;31-05-09 00:00:00;8.199,38976882
SE;Sudeste/Centro-Oeste;31-05-09 00:00:00;29.781,37087366
N;Norte;30-06-09 00:00:00;3.623,45733333
NE;Nordeste;30-06-09 00:00:00;7.095,80025000
S;Sul;30-06-09 00:00:00;8.260,60262778
SE;Sudeste/Centro-Oeste;30-06-09 00:00:00;29.069,17641667
N;Norte;31-07-09 00:00:00;3.568,44927419
NE;Nordeste;31-07-09 00:00:00;7.212,78768817
S;Sul;31-07-09 00:00:00;8.199,56553763
SE;Sudeste/Centro-Oeste;31-07-09 00:00:00;30.106,69580645
N;Norte;31-08-09 00:00:00;3.587,15805108
NE;Nordeste;31-08-09 00:00:00;7.328,16283602
S;Sul;31-08-09 00:00:00;7.984,50284946
SE;Sudeste/Centro-Oeste;31-08-09 00:00:00;30.694,90920699
N;Norte;30-09-09 00:00:00;3.635,32823611
NE;Nordeste;30-09-09 00:00:00;7.744,08645833
S;Sul;30-09-09 00:00:00;8.046,30061111
SE;Sudeste/Centro-Oeste;30-09-09 00:00:00;31.984,10975667
N;Norte;31-10-09 00:00:00;3.610,08875000
NE;Nordeste;31-10-09 00:00:00;7.935,48443548
S;Sul;31-10-09 00:00:00;8.176,25438172
SE;Sudeste/Centro-Oeste;31-10-09 00:00:00;31.928,34540323
N;Norte;30-11-09 00:00:00;3.651,67584722
NE;Nordeste;30-11-09 00:00:00;7.959,13020833
S;Sul;30-11-09 00:00:00;8.724,03850000
SE;Sudeste/Centro-Oeste;30-11-09 00:00:00;33.636,32336111
N;Norte;31-12-09 00:00:00;3.660,20676075
NE;Nordeste;31-12-09 00:00:00;7.999,65298387
S;Sul;31-12-09 00:00:00;8.581,27477151
SE;Sudeste/Centro-Oeste;31-12-09 00:00:00;32.458,13728495
N;Norte;31-01-10 00:00:00;3.713,62200253
NE;Nordeste;31-01-10 00:00:00;7.971,63021505
S;Sul;31-01-10 00:00:00;8.892,73050639
SE;Sudeste/Centro-Oeste;31-01-10 00:00:00;33.574,70875512
N;Norte;28-02-10 00:00:00;3.806,76717262
NE;Nordeste;28-02-10 00:00:00;8.289,27480655
S;Sul;28-02-10 00:00:00;9.626,35246280
SE;Sudeste/Centro-Oeste;28-02-10 00:00:00;35.293,77572917
N;Norte;31-03-10 00:00:00;3.907,49573925
NE;Nordeste;31-03-10 00:00:00;8.579,17662634
S;Sul;31-03-10 00:00:00;9.445,44724462
SE;Sudeste/Centro-Oeste;31-03-10 00:00:00;34.749,56596774
N;Norte;30-04-10 00:00:00;3.839,54629167
NE;Nordeste;30-04-10 00:00:00;8.174,59404028
S;Sul;30-04-10 00:00:00;8.621,87316667
SE;Sudeste/Centro-Oeste;30-04-10 00:00:00;32.864,08452778
N;Norte;31-05-10 00:00:00;3.887,54451613
NE;Nordeste;31-05-10 00:00:00;8.312,15887806
S;Sul;31-05-10 00:00:00;8.236,91825269
SE;Sudeste/Centro-Oeste;31-05-10 00:00:00;32.240,64502688
N;Norte;30-06-10 00:00:00;3.792,42000000
NE;Nordeste;30-06-10 00:00:00;8.008,55398611
S;Sul;30-06-10 00:00:00;8.467,04068056
SE;Sudeste/Centro-Oeste;30-06-10 00:00:00;31.891,99583333
N;Norte;31-07-10 00:00:00;3.777,02619624
NE;Nordeste;31-07-10 00:00:00;7.846,88787634
S;Sul;31-07-10 00:00:00;8.587,48844086
SE;Sudeste/Centro-Oeste;31-07-10 00:00:00;32.437,61037634
N;Norte;31-08-10 00:00:00;3.861,28470430
NE;Nordeste;31-08-10 00:00:00;7.746,28005376
S;Sul;31-08-10 00:00:00;8.594,90401882
SE;Sudeste/Centro-Oeste;31-08-10 00:00:00;32.875,82623656
N;Norte;30-09-10 00:00:00;3.938,01529167
NE;Nordeste;30-09-10 00:00:00;8.001,38912500
S;Sul;30-09-10 00:00:00;8.595,99370833
SE;Sudeste/Centro-Oeste;30-09-10 00:00:00;34.035,60838889
N;Norte;31-10-10 00:00:00;3.897,17361559
NE;Nordeste;31-10-10 00:00:00;8.361,32854839
S;Sul;31-10-10 00:00:00;8.530,57856183
SE;Sudeste/Centro-Oeste;31-10-10 00:00:00;33.160,57775538
N;Norte;30-11-10 00:00:00;3.902,77648611
NE;Nordeste;30-11-10 00:00:00;8.321,02244444
S;Sul;30-11-10 00:00:00;9.071,59111944
SE;Sudeste/Centro-Oeste;30-11-10 00:00:00;33.427,03229167
N;Norte;31-12-10 00:00:00;3.851,78771505
NE;Nordeste;31-12-10 00:00:00;8.088,36200269
S;Sul;31-12-10 00:00:00;9.135,26388441
SE;Sudeste/Centro-Oeste;31-12-10 00:00:00;34.495,10362903
N;Norte;31-01-11 00:00:00;3.793,57444892
NE;Nordeste;31-01-11 00:00:00;7.974,05743280
S;Sul;31-01-11 00:00:00;9.779,27721774
SE;Sudeste/Centro-Oeste;31-01-11 00:00:00;34.868,97982527
N;Norte;28-02-11 00:00:00;3.863,92309524
NE;Nordeste;28-02-11 00:00:00;8.087,93626488
S;Sul;28-02-11 00:00:00;9.969,08660714
SE;Sudeste/Centro-Oeste;28-02-11 00:00:00;37.140,59492738
N;Norte;31-03-11 00:00:00;3.938,35569892
NE;Nordeste;31-03-11 00:00:00;8.291,74885753
S;Sul;31-03-11 00:00:00;9.626,85395161
SE;Sudeste/Centro-Oeste;31-03-11 00:00:00;34.960,89962786
N;Norte;30-04-11 00:00:00;4.035,88552778
NE;Nordeste;30-04-11 00:00:00;8.203,18718056
S;Sul;30-04-11 00:00:00;8.916,47955556
SE;Sudeste/Centro-Oeste;30-04-11 00:00:00;34.864,42802778
N;Norte;31-05-11 00:00:00;4.098,87145161
NE;Nordeste;31-05-11 00:00:00;8.002,63827957
S;Sul;31-05-11 00:00:00;8.847,44869624
SE;Sudeste/Centro-Oeste;31-05-11 00:00:00;33.298,77739247
N;Norte;30-06-11 00:00:00;4.034,10938889
NE;Nordeste;30-06-11 00:00:00;7.924,34065278
S;Sul;30-06-11 00:00:00;8.891,63956944
SE;Sudeste/Centro-Oeste;30-06-11 00:00:00;32.613,02861111
N;Norte;31-07-11 00:00:00;3.941,89845430
NE;Nordeste;31-07-11 00:00:00;7.866,23369624
S;Sul;31-07-11 00:00:00;8.997,67701613
SE;Sudeste/Centro-Oeste;31-07-11 00:00:00;33.097,39493280
N;Norte;31-08-11 00:00:00;4.078,85215054
NE;Nordeste;31-08-11 00:00:00;8.138,98487903
S;Sul;31-08-11 00:00:00;9.303,11444892
SE;Sudeste/Centro-Oeste;31-08-11 00:00:00;34.757,33909946
N;Norte;30-09-11 00:00:00;4.127,86506944
NE;Nordeste;30-09-11 00:00:00;8.279,48077778
S;Sul;30-09-11 00:00:00;9.115,00054167
SE;Sudeste/Centro-Oeste;30-09-11 00:00:00;34.834,43644444
N;Norte;31-10-11 00:00:00;4.062,88509409
NE;Nordeste;31-10-11 00:00:00;8.385,03137097
S;Sul;31-10-11 00:00:00;9.260,92900538
SE;Sudeste/Centro-Oeste;31-10-11 00:00:00;34.539,98196237
N;Norte;30-11-11 00:00:00;4.041,61705556
NE;Nordeste;30-11-11 00:00:00;8.408,74766667
S;Sul;30-11-11 00:00:00;9.591,61755556
SE;Sudeste/Centro-Oeste;30-11-11 00:00:00;34.742,62226389
N;Norte;31-12-11 00:00:00;4.067,69942204
NE;Nordeste;31-12-11 00:00:00;8.525,96974462
S;Sul;31-12-11 00:00:00;9.822,09838710
SE;Sudeste/Centro-Oeste;31-12-11 00:00:00;35.128,04676075
N;Norte;31-01-12 00:00:00;4.004,55168011
NE;Nordeste;31-01-12 00:00:00;8.608,90058333
S;Sul;31-01-12 00:00:00;10.171,39665995
SE;Sudeste/Centro-Oeste;31-01-12 00:00:00;35.193,32493280
N;Norte;29-02-12 00:00:00;4.072,51933908
NE;Nordeste;29-02-12 00:00:00;8.541,47306034
S;Sul;29-02-12 00:00:00;10.993,15908333
SE;Sudeste/Centro-Oeste;29-02-12 00:00:00;37.839,21125000
N;Norte;31-03-12 00:00:00;4.149,51076613
NE;Nordeste;31-03-12 00:00:00;8.915,61448387
S;Sul;31-03-12 00:00:00;10.638,10927285
SE;Sudeste/Centro-Oeste;31-03-12 00:00:00;38.365,98607527
N;Norte;30-04-12 00:00:00;4.189,55298611
NE;Nordeste;30-04-12 00:00:00;8.871,77394722
S;Sul;30-04-12 00:00:00;9.712,79696389
SE;Sudeste/Centro-Oeste;30-04-12 00:00:00;36.429,94181806
N;Norte;31-05-12 00:00:00;4.116,46587366
NE;Nordeste;31-05-12 00:00:00;8.755,93082392
S;Sul;31-05-12 00:00:00;9.698,74051478
SE;Sudeste/Centro-Oeste;31-05-12 00:00:00;34.276,55668683
N;Norte;30-06-12 00:00:00;3.933,95145833
NE;Nordeste;30-06-12 00:00:00;8.484,00214167
S;Sul;30-06-12 00:00:00;9.369,22718194
SE;Sudeste/Centro-Oeste;30-06-12 00:00:00;32.414,08587052
N;Norte;31-07-12 00:00:00;3.927,90865591
NE;Nordeste;31-07-12 00:00:00;8.404,70844758
S;Sul;31-07-12 00:00:00;9.376,48123522
SE;Sudeste/Centro-Oeste;31-07-12 00:00:00;32.553,34521909
N;Norte;31-08-12 00:00:00;4.044,91229839
NE;Nordeste;31-08-12 00:00:00;8.473,09150941
S;Sul;31-08-12 00:00:00;9.717,93427871
SE;Sudeste/Centro-Oeste;31-08-12 00:00:00;34.936,40371385
N;Norte;30-09-12 00:00:00;4.130,99436111
NE;Nordeste;30-09-12 00:00:00;8.745,60181111
S;Sul;30-09-12 00:00:00;9.439,25433889
SE;Sudeste/Centro-Oeste;30-09-12 00:00:00;35.552,69857083
N;Norte;31-10-12 00:00:00;4.100,41883065
NE;Nordeste;31-10-12 00:00:00;8.767,56631989
S;Sul;31-10-12 00:00:00;9.693,47778476
SE;Sudeste/Centro-Oeste;31-10-12 00:00:00;36.893,14645161
N;Norte;30-11-12 00:00:00;4.041,70504194
NE;Nordeste;30-11-12 00:00:00;9.018,90546389
S;Sul;30-11-12 00:00:00;10.308,61205447
SE;Sudeste/Centro-Oeste;30-11-12 00:00:00;34.769,84773228
N;Norte;31-12-12 00:00:00;3.932,70201613
NE;Nordeste;31-12-12 00:00:00;9.151,66810484
S;Sul;31-12-12 00:00:00;10.275,05819892
SE;Sudeste/Centro-Oeste;31-12-12 00:00:00;36.967,36060618
N;Norte;31-01-13 00:00:00;3.955,97118280
NE;Nordeste;31-01-13 00:00:00;9.196,48695430
S;Sul;31-01-13 00:00:00;10.510,62418414
SE;Sudeste/Centro-Oeste;31-01-13 00:00:00;34.541,18621505
N;Norte;28-02-13 00:00:00;4.068,56337798
NE;Nordeste;28-02-13 00:00:00;9.328,82497321
S;Sul;28-02-13 00:00:00;10.968,34073810
SE;Sudeste/Centro-Oeste;28-02-13 00:00:00;36.722,83897024
N;Norte;31-03-13 00:00:00;4.218,48845430
NE;Nordeste;31-03-13 00:00:00;9.582,05433065
S;Sul;31-03-13 00:00:00;10.169,06133468
SE;Sudeste/Centro-Oeste;31-03-13 00:00:00;36.142,04691263
N;Norte;30-04-13 00:00:00;4.244,86418056
NE;Nordeste;30-04-13 00:00:00;9.621,26077222
S;Sul;30-04-13 00:00:00;10.166,19104167
SE;Sudeste/Centro-Oeste;30-04-13 00:00:00;34.516,55725694
N;Norte;31-05-13 00:00:00;4.215,80871505
NE;Nordeste;31-05-13 00:00:00;9.129,65757527
S;Sul;31-05-13 00:00:00;9.773,15405739
SE;Sudeste/Centro-Oeste;31-05-13 00:00:00;33.046,06220824
N;Norte;30-06-13 00:00:00;4.017,34550417
NE;Nordeste;30-06-13 00:00:00;8.996,60202500
S;Sul;30-06-13 00:00:00;9.846,38758056
SE;Sudeste/Centro-Oeste;30-06-13 00:00:00;32.968,85205833
N;Norte;31-07-13 00:00:00;4.637,34905242
NE;Nordeste;31-07-13 00:00:00;8.926,60859140
S;Sul;31-07-13 00:00:00;10.152,85616532
SE;Sudeste/Centro-Oeste;31-07-13 00:00:00;32.923,75264247
N;Norte;31-08-13 00:00:00;5.179,05740995
NE;Nordeste;31-08-13 00:00:00;8.988,83741264
S;Sul;31-08-13 00:00:00;10.035,21934599
SE;Sudeste/Centro-Oeste;31-08-13 00:00:00;33.976,00987097
N;Norte;30-09-13 00:00:00;5.188,62488750
NE;Nordeste;30-09-13 00:00:00;9.218,26816111
S;Sul;30-09-13 00:00:00;9.869,15586208
SE;Sudeste/Centro-Oeste;30-09-13 00:00:00;34.810,17668611
N;Norte;31-10-13 00:00:00;5.141,03685088
NE;Nordeste;31-10-13 00:00:00;9.520,42732824
S;Sul;31-10-13 00:00:00;10.160,38729086
SE;Sudeste/Centro-Oeste;31-10-13 00:00:00;35.425,06919043
N;Norte;30-11-13 00:00:00;5.038,76888750
NE;Nordeste;30-11-13 00:00:00;9.498,02777500
S;Sul;30-11-13 00:00:00;10.514,17504722
SE;Sudeste/Centro-Oeste;30-11-13 00:00:00;35.403,97094722
N;Norte;31-12-13 00:00:00;5.008,70937903
NE;Nordeste;31-12-13 00:00:00;9.239,28120699
S;Sul;31-12-13 00:00:00;10.529,36194220
SE;Sudeste/Centro-Oeste;31-12-13 00:00:00;34.184,31735927
N;Norte;31-01-14 00:00:00;5.182,91196237
NE;Nordeste;31-01-14 00:00:00;9.707,13936787
S;Sul;31-01-14 00:00:00;11.774,17497360
SE;Sudeste/Centro-Oeste;31-01-14 00:00:00;38.757,89163978
N;Norte;28-02-14 00:00:00;5.198,20108185
NE;Nordeste;28-02-14 00:00:00;9.781,72869702
S;Sul;28-02-14 00:00:00;12.385,01233864
SE;Sudeste/Centro-Oeste;28-02-14 00:00:00;39.920,02716567
N;Norte;31-03-14 00:00:00;5.190,21698118
NE;Nordeste;31-03-14 00:00:00;9.712,33185317
S;Sul;31-03-14 00:00:00;10.870,85726002
SE;Sudeste/Centro-Oeste;31-03-14 00:00:00;37.553,26580613
N;Norte;30-04-14 00:00:00;5.224,97531667
NE;Nordeste;30-04-14 00:00:00;9.773,34709463
S;Sul;30-04-14 00:00:00;10.398,65003180
SE;Sudeste/Centro-Oeste;30-04-14 00:00:00;35.498,94178472
N;Norte;31-05-14 00:00:00;5.127,94178969
NE;Nordeste;31-05-14 00:00:00;9.526,02545801
S;Sul;31-05-14 00:00:00;10.019,66259062
SE;Sudeste/Centro-Oeste;31-05-14 00:00:00;35.309,27107902
N;Norte;30-06-14 00:00:00;4.984,79835648
NE;Nordeste;30-06-14 00:00:00;9.141,54232541
S;Sul;30-06-14 00:00:00;9.923,48875322
SE;Sudeste/Centro-Oeste;30-06-14 00:00:00;34.137,53615506
N;Norte;31-07-14 00:00:00;4.995,02924731
NE;Nordeste;31-07-14 00:00:00;9.207,39841805
S;Sul;31-07-14 00:00:00;10.128,57609162
SE;Sudeste/Centro-Oeste;31-07-14 00:00:00;34.146,18142204
N;Norte;31-08-14 00:00:00;5.116,61107527
NE;Nordeste;31-08-14 00:00:00;9.235,90388083
S;Sul;31-08-14 00:00:00;9.943,65672640
SE;Sudeste/Centro-Oeste;31-08-14 00:00:00;34.537,10420949
N;Norte;30-09-14 00:00:00;5.294,30950556
NE;Nordeste;30-09-14 00:00:00;9.590,70241456
S;Sul;30-09-14 00:00:00;9.959,56861450
SE;Sudeste/Centro-Oeste;30-09-14 00:00:00;36.130,76883889
N;Norte;31-10-14 00:00:00;5.120,88018747
NE;Nordeste;31-10-14 00:00:00;9.714,66655269
S;Sul;31-10-14 00:00:00;10.477,51621085
SE;Sudeste/Centro-Oeste;31-10-14 00:00:00;37.061,64031370
N;Norte;30-11-14 00:00:00;5.151,16565166
NE;Nordeste;30-11-14 00:00:00;9.826,49644666
S;Sul;30-11-14 00:00:00;10.751,63375760
SE;Sudeste/Centro-Oeste;30-11-14 00:00:00;36.280,76299583
N;Norte;31-12-14 00:00:00;5.068,56169892
NE;Nordeste;31-12-14 00:00:00;9.665,71561326
S;Sul;31-12-14 00:00:00;10.716,19705635
SE;Sudeste/Centro-Oeste;31-12-14 00:00:00;36.171,19092031
N;Norte;31-01-15 00:00:00;5.126,13689718
NE;Nordeste;31-01-15 00:00:00;10.637,71488247
S;Sul;31-01-15 00:00:00;12.267,69738840
SE;Sudeste/Centro-Oeste;31-01-15 00:00:00;41.386,73862457
N;Norte;28-02-15 00:00:00;5.141,59795910
NE;Nordeste;28-02-15 00:00:00;10.458,90612613
S;Sul;28-02-15 00:00:00;12.251,22895699
SE;Sudeste/Centro-Oeste;28-02-15 00:00:00;40.056,05793555
N;Norte;31-03-15 00:00:00;5.255,25685008
NE;Nordeste;31-03-15 00:00:00;10.435,03685707
S;Sul;31-03-15 00:00:00;11.975,34891099
SE;Sudeste/Centro-Oeste;31-03-15 00:00:00;39.364,21499494
N;Norte;30-04-15 00:00:00;5.304,74859131
NE;Nordeste;30-04-15 00:00:00;10.379,74083578
S;Sul;30-04-15 00:00:00;10.837,67671110
SE;Sudeste/Centro-Oeste;30-04-15 00:00:00;38.008,00657551
N;Norte;31-05-15 00:00:00;5.308,09638865
NE;Nordeste;31-05-15 00:00:00;10.191,62791572
S;Sul;31-05-15 00:00:00;10.334,29842881
SE;Sudeste/Centro-Oeste;31-05-15 00:00:00;36.216,22456983
N;Norte;30-06-15 00:00:00;5.241,16287881
NE;Nordeste;30-06-15 00:00:00;9.841,14132362
S;Sul;30-06-15 00:00:00;10.458,29136447
SE;Sudeste/Centro-Oeste;30-06-15 00:00:00;35.762,25387528
N;Norte;31-07-15 00:00:00;5.152,28520828
NE;Nordeste;31-07-15 00:00:00;9.534,70801696
S;Sul;31-07-15 00:00:00;10.584,62776292
SE;Sudeste/Centro-Oeste;31-07-15 00:00:00;35.804,65631060
N;Norte;31-08-15 00:00:00;5.438,16654876
NE;Nordeste;31-08-15 00:00:00;9.719,12435681
S;Sul;31-08-15 00:00:00;10.387,84749837
SE;Sudeste/Centro-Oeste;31-08-15 00:00:00;36.645,69384380
N;Norte;30-09-15 00:00:00;5.656,10229164
NE;Nordeste;30-09-15 00:00:00;10.124,85145988
S;Sul;30-09-15 00:00:00;10.364,87533834
SE;Sudeste/Centro-Oeste;30-09-15 00:00:00;37.944,84847428
N;Norte;31-10-15 00:00:00;5.650,92601128
NE;Nordeste;31-10-15 00:00:00;10.466,36194858
S;Sul;31-10-15 00:00:00;10.613,18090002
SE;Sudeste/Centro-Oeste;31-10-15 00:00:00;39.159,22561865
N;Norte;30-11-15 00:00:00;5.589,07801989
NE;Nordeste;30-11-15 00:00:00;10.716,28388925
S;Sul;30-11-15 00:00:00;10.603,31670426
SE;Sudeste/Centro-Oeste;30-11-15 00:00:00;38.433,06889509
N;Norte;31-12-15 00:00:00;5.481,39574730
NE;Nordeste;31-12-15 00:00:00;10.646,66406083
S;Sul;31-12-15 00:00:00;10.648,42153938
SE;Sudeste/Centro-Oeste;31-12-15 00:00:00;38.110,38337257
N;Norte;31-01-16 00:00:00;5.315,47240669
NE;Nordeste;31-01-16 00:00:00;9.945,23127329
S;Sul;31-01-16 00:00:00;11.564,15558207
SE;Sudeste/Centro-Oeste;31-01-16 00:00:00;37.362,51974635
N;Norte;29-02-16 00:00:00;5.392,34005044
NE;Nordeste;29-02-16 00:00:00;10.356,89409178
S;Sul;29-02-16 00:00:00;12.172,24537909
SE;Sudeste/Centro-Oeste;29-02-16 00:00:00;40.324,15728662
N;Norte;31-03-16 00:00:00;5.385,63366377
NE;Nordeste;31-03-16 00:00:00;10.786,91296969
S;Sul;31-03-16 00:00:00;11.327,14839086
SE;Sudeste/Centro-Oeste;31-03-16 00:00:00;39.743,02162886
N;Norte;30-04-16 00:00:00;5.559,55734211
NE;Nordeste;30-04-16 00:00:00;10.477,06660077
S;Sul;30-04-16 00:00:00;11.620,99174100
SE;Sudeste/Centro-Oeste;30-04-16 00:00:00;40.562,77142848
N;Norte;31-05-16 00:00:00;5.431,83196845
NE;Nordeste;31-05-16 00:00:00;10.441,16707973
S;Sul;31-05-16 00:00:00;10.379,28916168
SE;Sudeste/Centro-Oeste;31-05-16 00:00:00;36.489,89741983
N;Norte;30-06-16 00:00:00;5.284,69578476
NE;Nordeste;30-06-16 00:00:00;10.177,26505084
S;Sul;30-06-16 00:00:00;10.932,85207546
SE;Sudeste/Centro-Oeste;30-06-16 00:00:00;35.668,35619135
N;Norte;31-07-16 00:00:00;5.314,21862592
NE;Nordeste;31-07-16 00:00:00;9.970,53951829
S;Sul;31-07-16 00:00:00;10.382,89980686
SE;Sudeste/Centro-Oeste;31-07-16 00:00:00;35.943,32567674
N;Norte;31-08-16 00:00:00;5.586,19187504
NE;Nordeste;31-08-16 00:00:00;10.152,19276738
S;Sul;31-08-16 00:00:00;10.490,78713852
SE;Sudeste/Centro-Oeste;31-08-16 00:00:00;36.964,01090710
N;Norte;30-09-16 00:00:00;5.575,35379734
NE;Nordeste;30-09-16 00:00:00;10.401,64210134
S;Sul;30-09-16 00:00:00;10.259,93031416
SE;Sudeste/Centro-Oeste;30-09-16 00:00:00;37.414,56968864
N;Norte;31-10-16 00:00:00;5.598,98797114
NE;Nordeste;31-10-16 00:00:00;10.668,20623825
S;Sul;31-10-16 00:00:00;10.441,97844466
SE;Sudeste/Centro-Oeste;31-10-16 00:00:00;37.703,12219417
N;Norte;30-11-16 00:00:00;5.715,75514192
NE;Nordeste;30-11-16 00:00:00;10.855,06552476
S;Sul;30-11-16 00:00:00;10.943,08745199
SE;Sudeste/Centro-Oeste;30-11-16 00:00:00;37.402,36663730
N;Norte;31-12-16 00:00:00;5.370,98538480
NE;Nordeste;31-12-16 00:00:00;10.816,49206000
S;Sul;31-12-16 00:00:00;11.326,98808939
SE;Sudeste/Centro-Oeste;31-12-16 00:00:00;37.599,09948698
N;Norte;31-01-17 00:00:00;5.212,61370411
NE;Nordeste;31-01-17 00:00:00;10.968,86657843
S;Sul;31-01-17 00:00:00;12.062,20301062
SE;Sudeste/Centro-Oeste;31-01-17 00:00:00;39.881,95558528
N;Norte;28-02-17 00:00:00;5.343,31049833
NE;Nordeste;28-02-17 00:00:00;10.810,38352877
S;Sul;28-02-17 00:00:00;12.765,91236313
SE;Sudeste/Centro-Oeste;28-02-17 00:00:00;40.979,00954457
N;Norte;31-03-17 00:00:00;5.575,46869870
NE;Nordeste;31-03-17 00:00:00;10.951,12405530
S;Sul;31-03-17 00:00:00;12.005,22367817
SE;Sudeste/Centro-Oeste;31-03-17 00:00:00;40.491,73526879
N;Norte;30-04-17 00:00:00;5.472,56607833
NE;Nordeste;30-04-17 00:00:00;10.601,27449271
S;Sul;30-04-17 00:00:00;10.769,95071550
SE;Sudeste/Centro-Oeste;30-04-17 00:00:00;37.739,54223203
N;Norte;31-05-17 00:00:00;5.766,27376190
NE;Nordeste;31-05-17 00:00:00;10.520,38422211
S;Sul;31-05-17 00:00:00;10.746,53746778
SE;Sudeste/Centro-Oeste;31-05-17 00:00:00;36.876,01916795
N;Norte;30-06-17 00:00:00;5.619,41762266
NE;Nordeste;30-06-17 00:00:00;10.146,72883523
S;Sul;30-06-17 00:00:00;10.715,27361753
SE;Sudeste/Centro-Oeste;30-06-17 00:00:00;36.520,63177270
N;Norte;31-07-17 00:00:00;5.432,09541613
NE;Nordeste;31-07-17 00:00:00;9.692,23440140
S;Sul;31-07-17 00:00:00;10.696,09696171
SE;Sudeste/Centro-Oeste;31-07-17 00:00:00;35.370,76262767
N;Norte;31-08-17 00:00:00;5.702,89887820
NE;Nordeste;31-08-17 00:00:00;10.148,74597093
S;Sul;31-08-17 00:00:00;10.857,01154868
SE;Sudeste/Centro-Oeste;31-08-17 00:00:00;36.550,30481480
N;Norte;30-09-17 00:00:00;5.751,96750394
NE;Nordeste;30-09-17 00:00:00;10.246,21665935
S;Sul;30-09-17 00:00:00;11.030,55000864
SE;Sudeste/Centro-Oeste;30-09-17 00:00:00;38.238,89952789
N;Norte;31-10-17 00:00:00;5.736,05587634
NE;Nordeste;31-10-17 00:00:00;10.821,63621735
S;Sul;31-10-17 00:00:00;10.885,17787710
SE;Sudeste/Centro-Oeste;31-10-17 00:00:00;38.998,04769593
N;Norte;30-11-17 00:00:00;5.691,14023513
NE;Nordeste;30-11-17 00:00:00;10.930,41680003
S;Sul;30-11-17 00:00:00;11.183,47686738
SE;Sudeste/Centro-Oeste;30-11-17 00:00:00;38.197,45917790
N;Norte;31-12-17 00:00:00;5.501,67747458
NE;Nordeste;31-12-17 00:00:00;11.011,92398998
S;Sul;31-12-17 00:00:00;11.710,68519122
SE;Sudeste/Centro-Oeste;31-12-17 00:00:00;38.397,27108788
N;Norte;31-01-18 00:00:00;5.336,87082743
NE;Nordeste;31-01-18 00:00:00;11.029,74475436
S;Sul;31-01-18 00:00:00;12.097,61813011
SE;Sudeste/Centro-Oeste;31-01-18 00:00:00;40.095,31797891
N;Norte;28-02-18 00:00:00;5.453,03163811
NE;Nordeste;28-02-18 00:00:00;10.713,33030337
S;Sul;28-02-18 00:00:00;12.342,29268999
SE;Sudeste/Centro-Oeste;28-02-18 00:00:00;39.962,42140956
N;Norte;31-03-18 00:00:00;5.627,95043898
NE;Nordeste;31-03-18 00:00:00;10.916,43786464
S;Sul;31-03-18 00:00:00;12.226,90925424
SE;Sudeste/Centro-Oeste;31-03-18 00:00:00;41.890,33942688
N;Norte;30-04-18 00:00:00;5.392,51567582
NE;Nordeste;30-04-18 00:00:00;10.634,61425310
S;Sul;30-04-18 00:00:00;11.857,45728094
SE;Sudeste/Centro-Oeste;30-04-18 00:00:00;39.591,23924720
N;Norte;31-05-18 00:00:00;5.279,24522144
NE;Nordeste;31-05-18 00:00:00;10.491,56840942
S;Sul;31-05-18 00:00:00;10.734,50454165
SE;Sudeste/Centro-Oeste;31-05-18 00:00:00;37.337,95429235
N;Norte;30-06-18 00:00:00;5.298,88943701
NE;Nordeste;30-06-18 00:00:00;10.255,99937566
S;Sul;30-06-18 00:00:00;10.948,15893578
SE;Sudeste/Centro-Oeste;30-06-18 00:00:00;37.073,73611606
N;Norte;31-07-18 00:00:00;5.180,26600520
NE;Nordeste;31-07-18 00:00:00;10.290,72282339
S;Sul;31-07-18 00:00:00;11.043,66538533
SE;Sudeste/Centro-Oeste;31-07-18 00:00:00;37.060,46033685
N;Norte;31-08-18 00:00:00;5.358,89984638
NE;Nordeste;31-08-18 00:00:00;10.669,10228360
S;Sul;31-08-18 00:00:00;11.029,07562282
SE;Sudeste/Centro-Oeste;31-08-18 00:00:00;37.393,42799531
N;Norte;30-09-18 00:00:00;5.469,90510239
NE;Nordeste;30-09-18 00:00:00;10.836,30805058
S;Sul;30-09-18 00:00:00;10.809,90163354
SE;Sudeste/Centro-Oeste;30-09-18 00:00:00;38.124,45022688
N;Norte;31-10-18 00:00:00;5.507,68626440
NE;Nordeste;31-10-18 00:00:00;11.372,64023612
S;Sul;31-10-18 00:00:00;11.249,05774633
SE;Sudeste/Centro-Oeste;31-10-18 00:00:00;39.316,56825131
N;Norte;30-11-18 00:00:00;5.404,22011353
NE;Nordeste;30-11-18 00:00:00;11.448,69349951
S;Sul;30-11-18 00:00:00;11.734,10518743
SE;Sudeste/Centro-Oeste;30-11-18 00:00:00;39.103,29447088
N;Norte;31-12-18 00:00:00;5.222,72253583
NE;Nordeste;31-12-18 00:00:00;10.972,34163186
S;Sul;31-12-18 00:00:00;11.819,06372942
SE;Sudeste/Centro-Oeste;31-12-18 00:00:00;39.815,59022126
N;Norte;31-01-19 00:00:00;5.375,04362533
NE;Nordeste;31-01-19 00:00:00;11.337,00880106
S;Sul;31-01-19 00:00:00;13.182,91381002
SE;Sudeste/Centro-Oeste;31-01-19 00:00:00;43.247,21707816
N;Norte;28-02-19 00:00:00;5.582,22473931
NE;Nordeste;28-02-19 00:00:00;11.546,34557671
S;Sul;28-02-19 00:00:00;12.758,39945170
SE;Sudeste/Centro-Oeste;28-02-19 00:00:00;42.050,71753999
N;Norte;31-03-19 00:00:00;5.512,72133859
NE;Nordeste;31-03-19 00:00:00;11.118,87566511
S;Sul;31-03-19 00:00:00;11.969,59307688
SE;Sudeste/Centro-Oeste;31-03-19 00:00:00;40.575,48847922
N;Norte;30-04-19 00:00:00;5.460,65781865
NE;Nordeste;30-04-19 00:00:00;11.123,72156056
S;Sul;30-04-19 00:00:00;11.699,00925182
SE;Sudeste/Centro-Oeste;30-04-19 00:00:00;40.439,05428076
N;Norte;31-05-19 00:00:00;5.608,13022581
NE;Nordeste;31-05-19 00:00:00;11.092,05545673
S;Sul;31-05-19 00:00:00;11.198,56997246
SE;Sudeste/Centro-Oeste;31-05-19 00:00:00;39.077,84376043
N;Norte;30-06-19 00:00:00;5.517,75934638
NE;Nordeste;30-06-19 00:00:00;10.265,16749353
S;Sul;30-06-19 00:00:00;10.758,89227141
SE;Sudeste/Centro-Oeste;30-06-19 00:00:00;37.203,97337117
N;Norte;31-07-19 00:00:00;5.437,11849263
NE;Nordeste;31-07-19 00:00:00;10.168,29849126
S;Sul;31-07-19 00:00:00;10.996,78583576
SE;Sudeste/Centro-Oeste;31-07-19 00:00:00;36.486,91061681
N;Norte;31-08-19 00:00:00;5.613,47966873
NE;Nordeste;31-08-19 00:00:00;10.302,60724699
S;Sul;31-08-19 00:00:00;10.995,83198102
SE;Sudeste/Centro-Oeste;31-08-19 00:00:00;37.097,10237597
N;Norte;30-09-19 00:00:00;5.743,99527699
NE;Nordeste;30-09-19 00:00:00;10.692,25468256
S;Sul;30-09-19 00:00:00;10.935,64577515
SE;Sudeste/Centro-Oeste;30-09-19 00:00:00;39.420,26424121
N;Norte;31-10-19 00:00:00;5.658,74770908
NE;Nordeste;31-10-19 00:00:00;11.410,17560320
S;Sul;31-10-19 00:00:00;11.700,11873955
SE;Sudeste/Centro-Oeste;31-10-19 00:00:00;40.730,10601884
N;Norte;30-11-19 00:00:00;5.757,21290583
NE;Nordeste;30-11-19 00:00:00;11.746,90001269
S;Sul;30-11-19 00:00:00;11.986,92161905
SE;Sudeste/Centro-Oeste;30-11-19 00:00:00;39.652,84128525
N;Norte;31-12-19 00:00:00;5.620,33062333
NE;Nordeste;31-12-19 00:00:00;11.758,13655127
S;Sul;31-12-19 00:00:00;11.969,79557781
SE;Sudeste/Centro-Oeste;31-12-19 00:00:00;38.742,72578577
N;Norte;31-01-20 00:00:00;5.485,79653425
NE;Nordeste;31-01-20 00:00:00;11.440,41525382
S;Sul;31-01-20 00:00:00;12.927,19114648
SE;Sudeste/Centro-Oeste;31-01-20 00:00:00;40.803,10598225
N;Norte;29-02-20 00:00:00;5.607,79350670
NE;Nordeste;29-02-20 00:00:00;11.432,70935308
S;Sul;29-02-20 00:00:00;13.105,58130897
SE;Sudeste/Centro-Oeste;29-02-20 00:00:00;41.094,84767078
N;Norte;31-03-20 00:00:00;5.447,20255194
NE;Nordeste;31-03-20 00:00:00;10.914,00574822
S;Sul;31-03-20 00:00:00;12.490,29299081
SE;Sudeste/Centro-Oeste;31-03-20 00:00:00;39.830,76358284
N;Norte;30-04-20 00:00:00;5.013,01006324
NE;Nordeste;30-04-20 00:00:00;9.916,26711388
S;Sul;30-04-20 00:00:00;10.406,56944815
SE;Sudeste/Centro-Oeste;30-04-20 00:00:00;35.355,94843476
N;Norte;31-05-20 00:00:00;5.214,11824356
NE;Nordeste;31-05-20 00:00:00;9.826,10247308
S;Sul;31-05-20 00:00:00;10.335,56435381
SE;Sudeste/Centro-Oeste;31-05-20 00:00:00;34.600,66665095
N;Norte;30-06-20 00:00:00;5.384,05986665
NE;Nordeste;30-06-20 00:00:00;9.848,55613176
S;Sul;30-06-20 00:00:00;10.702,95550338
SE;Sudeste/Centro-Oeste;30-06-20 00:00:00;35.768,34591166
N;Norte;31-07-20 00:00:00;5.470,25253236
NE;Nordeste;31-07-20 00:00:00;10.055,98044110
S;Sul;31-07-20 00:00:00;11.102,43237085
SE;Sudeste/Centro-Oeste;31-07-20 00:00:00;36.673,94183045
N;Norte;31-08-20 00:00:00;5.836,51352563
NE;Nordeste;31-08-20 00:00:00;10.324,10261751
S;Sul;31-08-20 00:00:00;11.013,34491756
SE;Sudeste/Centro-Oeste;31-08-20 00:00:00;37.439,58741803
N;Norte;30-09-20 00:00:00;6.002,61819716
NE;Nordeste;30-09-20 00:00:00;11.010,96243984
S;Sul;30-09-20 00:00:00;11.477,21285001
SE;Sudeste/Centro-Oeste;30-09-20 00:00:00;40.811,54222384
N;Norte;31-10-20 00:00:00;6.046,01247442
NE;Nordeste;31-10-20 00:00:00;11.798,72998834
S;Sul;31-10-20 00:00:00;11.869,07931508
SE;Sudeste/Centro-Oeste;31-10-20 00:00:00;41.493,98725210
N;Norte;30-11-20 00:00:00;5.851,16604104
NE;Nordeste;30-11-20 00:00:00;11.633,66231848
S;Sul;30-11-20 00:00:00;12.186,14679119
SE;Sudeste/Centro-Oeste;30-11-20 00:00:00;40.061,31156811
N;Norte;31-12-20 00:00:00;5.874,18029483
NE;Nordeste;31-12-20 00:00:00;12.019,96471992
S;Sul;31-12-20 00:00:00;12.383,54737848
SE;Sudeste/Centro-Oeste;31-12-20 00:00:00;40.770,94122716
N;Norte;31-01-21 00:00:00;5.594,98954905
NE;Nordeste;31-01-21 00:00:00;11.762,04623622
S;Sul;31-01-21 00:00:00;12.883,65746479
SE;Sudeste/Centro-Oeste;31-01-21 00:00:00;42.107,40413546
N;Norte;28-02-21 00:00:00;5.727,79391674
NE;Nordeste;28-02-21 00:00:00;11.720,84242066
S;Sul;28-02-21 00:00:00;13.184,84045278
SE;Sudeste/Centro-Oeste;28-02-21 00:00:00;42.336,83820741
N;Norte;31-03-21 00:00:00;5.837,81543351
NE;Nordeste;31-03-21 00:00:00;11.403,63609465
S;Sul;31-03-21 00:00:00;13.011,97380852
SE;Sudeste/Centro-Oeste;31-03-21 00:00:00;42.491,49593848
N;Norte;30-04-21 00:00:00;6.036,01165445
NE;Nordeste;30-04-21 00:00:00;11.189,11282161
S;Sul;30-04-21 00:00:00;11.966,51950576
SE;Sudeste/Centro-Oeste;30-04-21 00:00:00;39.701,23557651
N;Norte;31-05-21 00:00:00;6.029,75136638
NE;Nordeste;31-05-21 00:00:00;10.908,58765385
S;Sul;31-05-21 00:00:00;11.543,72718121
SE;Sudeste/Centro-Oeste;31-05-21 00:00:00;39.123,40667618
N;Norte;30-06-21 00:00:00;5.949,43393261
NE;Nordeste;30-06-21 00:00:00;10.925,03127324
S;Sul;30-06-21 00:00:00;11.633,92882648
SE;Sudeste/Centro-Oeste;30-06-21 00:00:00;38.224,78030914
N;Norte;31-07-21 00:00:00;5.939,34156286
NE;Nordeste;31-07-21 00:00:00;10.933,76700896
S;Sul;31-07-21 00:00:00;11.523,98392216
SE;Sudeste/Centro-Oeste;31-07-21 00:00:00;37.048,45434621
N;Norte;31-08-21 00:00:00;6.290,04477687
NE;Nordeste;31-08-21 00:00:00;11.133,06047904
S;Sul;31-08-21 00:00:00;11.656,64793672
SE;Sudeste/Centro-Oeste;31-08-21 00:00:00;38.572,31631535
N;Norte;30-09-21 00:00:00;6.344,32157878
NE;Nordeste;30-09-21 00:00:00;11.862,40292851
S;Sul;30-09-21 00:00:00;11.698,07747261
SE;Sudeste/Centro-Oeste;30-09-21 00:00:00;40.777,36249017
N;Norte;31-10-21 00:00:00;6.248,42349675
NE;Nordeste;31-10-21 00:00:00;12.074,43288399
S;Sul;31-10-21 00:00:00;11.451,67231464
SE;Sudeste/Centro-Oeste;31-10-21 00:00:00;38.994,29389129
N;Norte;30-11-21 00:00:00;6.170,20887737
NE;Nordeste;30-11-21 00:00:00;11.924,70957171
S;Sul;30-11-21 00:00:00;12.285,79224956
SE;Sudeste/Centro-Oeste;30-11-21 00:00:00;39.935,98205697
N;Norte;31-12-21 00:00:00;6.015,49525945
NE;Nordeste;31-12-21 00:00:00;11.685,01626877
S;Sul;31-12-21 00:00:00;12.617,71477663
SE;Sudeste/Centro-Oeste;31-12-21 00:00:00;40.155,93076668
N;Norte;31-01-22 00:00:00;5.709,24357667
NE;Nordeste;31-01-22 00:00:00;11.261,66542937
S;Sul;31-01-22 00:00:00;13.769,90112428
SE;Sudeste/Centro-Oeste;31-01-22 00:00:00;41.489,80337143
N;Norte;28-02-22 00:00:00;5.871,74487006
NE;Nordeste;28-02-22 00:00:00;11.850,64096000
S;Sul;28-02-22 00:00:00;13.746,46678149
SE;Sudeste/Centro-Oeste;28-02-22 00:00:00;42.875,04408296
N;Norte;31-03-22 00:00:00;5.713,04285267
NE;Nordeste;31-03-22 00:00:00;11.591,73577328
S;Sul;31-03-22 00:00:00;13.089,36130668
SE;Sudeste/Centro-Oeste;31-03-22 00:00:00;44.684,96304724
N;Norte;30-04-22 00:00:00;5.871,38256034
NE;Nordeste;30-04-22 00:00:00;11.487,89229737
S;Sul;30-04-22 00:00:00;11.561,72487097
SE;Sudeste/Centro-Oeste;30-04-22 00:00:00;41.693,10957706
N;Norte;31-05-22 00:00:00;6.036,45456244
NE;Nordeste;31-05-22 00:00:00;11.133,02107984
S;Sul;31-05-22 00:00:00;11.534,02205987
SE;Sudeste/Centro-Oeste;31-05-22 00:00:00;38.909,55538232
N;Norte;30-06-22 00:00:00;6.084,62751847
NE;Nordeste;30-06-22 00:00:00;10.615,28900774
S;Sul;30-06-22 00:00:00;11.851,80060846
SE;Sudeste/Centro-Oeste;30-06-22 00:00:00;37.862,94072222
N;Norte;31-07-22 00:00:00;6.300,90828863
NE;Nordeste;31-07-22 00:00:00;10.770,58051271
S;Sul;31-07-22 00:00:00;11.585,39297619
SE;Sudeste/Centro-Oeste;31-07-22 00:00:00;38.367,82238523
N;Norte;31-08-22 00:00:00;6.613,44158270
NE;Nordeste;31-08-22 00:00:00;11.140,91288972
S;Sul;31-08-22 00:00:00;11.591,43223495
SE;Sudeste/Centro-Oeste;31-08-22 00:00:00;38.527,32982854
N;Norte;30-09-22 00:00:00;6.789,13333879
NE;Nordeste;30-09-22 00:00:00;11.351,35924051
S;Sul;30-09-22 00:00:00;11.312,45500141
SE;Sudeste/Centro-Oeste;30-09-22 00:00:00;38.914,10728969
N;Norte;31-10-22 00:00:00;6.788,99358058
NE;Nordeste;31-10-22 00:00:00;11.799,38131943
S;Sul;31-10-22 00:00:00;11.321,39849594
SE;Sudeste/Centro-Oeste;31-10-22 00:00:00;40.165,24091447
N;Norte;30-11-22 00:00:00;6.527,61140883
NE;Nordeste;30-11-22 00:00:00;11.466,67693381
S;Sul;30-11-22 00:00:00;11.711,32321957
SE;Sudeste/Centro-Oeste;30-11-22 00:00:00;39.196,92956177
N;Norte;31-12-22 00:00:00;6.272,02836490
NE;Nordeste;31-12-22 00:00:00;11.335,36939223
S;Sul;31-12-22 00:00:00;12.478,57042294
SE;Sudeste/Centro-Oeste;31-12-22 00:00:00;39.008,37946053
N;Norte;31-01-23 00:00:00;6.332,40887141
NE;Nordeste;31-01-23 00:00:00;11.544,54773976
S;Sul;31-01-23 00:00:00;13.012,23714784
SE;Sudeste/Centro-Oeste;31-01-23 00:00:00;40.419,27577456
N;Norte;28-02-23 00:00:00;6.480,14783929
NE;Nordeste;28-02-23 00:00:00;11.916,67600592
S;Sul;28-02-23 00:00:00;13.276,09142840
SE;Sudeste/Centro-Oeste;28-02-23 00:00:00;43.029,63230602
N;Norte;31-03-23 00:00:00;6.703,35350725
NE;Nordeste;31-03-23 00:00:00;11.722,39417602
S;Sul;31-03-23 00:00:00;13.634,21879822
SE;Sudeste/Centro-Oeste;31-03-23 00:00:00;43.688,79210519
N;Norte;30-04-23 00:00:00;6.835,36534087
NE;Nordeste;30-04-23 00:00:00;11.533,29533307
S;Sul;30-04-23 00:00:00;11.690,98069618
SE;Sudeste/Centro-Oeste;30-04-23 00:00:00;40.279,15528364
N;Norte;31-05-23 00:00:00;7.215,05900708
NE;Nordeste;31-05-23 00:00:00;12.303,43395900
S;Sul;31-05-23 00:00:00;12.242,64142330
SE;Sudeste/Centro-Oeste;31-05-23 00:00:00;41.256,45613003
N;Norte;30-06-23 00:00:00;7.115,98772020
NE;Nordeste;30-06-23 00:00:00;11.927,84464760
S;Sul;30-06-23 00:00:00;12.182,93765313
SE;Sudeste/Centro-Oeste;30-06-23 00:00:00;40.141,25197483
N;Norte;31-07-23 00:00:00;7.176,71534958
NE;Nordeste;31-07-23 00:00:00;11.589,62933957
S;Sul;31-07-23 00:00:00;12.066,60646319
SE;Sudeste/Centro-Oeste;31-07-23 00:00:00;39.510,92543410
N;Norte;31-08-23 00:00:00;7.524,76841397
NE;Nordeste;31-08-23 00:00:00;11.817,64821048
S;Sul;31-08-23 00:00:00;12.283,78154054
SE;Sudeste/Centro-Oeste;31-08-23 00:00:00;41.439,39119173
N;Norte;30-09-23 00:00:00;7.697,11029197
NE;Nordeste;30-09-23 00:00:00;12.639,27783263
S;Sul;30-09-23 00:00:00;12.637,82183994
SE;Sudeste/Centro-Oeste;30-09-23 00:00:00;44.221,08201838
N;Norte;31-10-23 00:00:00;7.698,42032049
NE;Nordeste;31-10-23 00:00:00;13.302,69244357
S;Sul;31-10-23 00:00:00;12.755,57782137
SE;Sudeste/Centro-Oeste;31-10-23 00:00:00;44.696,14893065
N;Norte;30-11-23 00:00:00;7.629,02003016
NE;Nordeste;30-11-23 00:00:00;13.596,11921541
S;Sul;30-11-23 00:00:00;13.401,14669462
SE;Sudeste/Centro-Oeste;30-11-23 00:00:00;46.364,39769033
N;Norte;31-12-23 00:00:00;7.281,93006268
NE;Nordeste;31-12-23 00:00:00;13.405,37673360
S;Sul;31-12-23 00:00:00;13.830,26233838
SE;Sudeste/Centro-Oeste;31-12-23 00:00:00;45.884,39115989
N;Norte;31-01-24 00:00:00;7.243,07033059
NE;Nordeste;31-01-24 00:00:00;13.285,07717590
S;Sul;31-01-24 00:00:00;13.841,12294765
SE;Sudeste/Centro-Oeste;31-01-24 00:00:00;45.277,07867450
N;Norte;29-02-24 00:00:00;7.366,64621503
NE;Nordeste;29-02-24 00:00:00;13.304,33403092
S;Sul;29-02-24 00:00:00;15.570,33590834
SE;Sudeste/Centro-Oeste;29-02-24 00:00:00;47.069,83777465
N;Norte;31-03-24 00:00:00;7.397,51497440
NE;Nordeste;31-03-24 00:00:00;13.617,74271790
S;Sul;31-03-24 00:00:00;14.692,23135575
SE;Sudeste/Centro-Oeste;31-03-24 00:00:00;47.790,83611561
N;Norte;30-04-24 00:00:00;7.467,09036749
NE;Nordeste;30-04-24 00:00:00;13.300,39701144
S;Sul;30-04-24 00:00:00;13.936,47281420
SE;Sudeste/Centro-Oeste;30-04-24 00:00:00;46.943,05567809
N;Norte;31-05-24 00:00:00;7.672,79080054
NE;Nordeste;31-05-24 00:00:00;13.039,85533670
S;Sul;31-05-24 00:00:00;12.962,78157339
SE;Sudeste/Centro-Oeste;31-05-24 00:00:00;45.348,58095002
N;Norte;30-06-24 00:00:00;7.709,80599532
NE;Nordeste;30-06-24 00:00:00;12.424,07680693
S;Sul;30-06-24 00:00:00;12.848,84186381
SE;Sudeste/Centro-Oeste;30-06-24 00:00:00;42.739,12266029
N;Norte;31-07-24 00:00:00;7.769,54063172
NE;Nordeste;31-07-24 00:00:00;12.377,21810645
S;Sul;31-07-24 00:00:00;13.402,97630242
SE;Sudeste/Centro-Oeste;31-07-24 00:00:00;42.239,77942016
N;Norte;31-08-24 00:00:00;8.075,86407016
NE;Nordeste;31-08-24 00:00:00;12.720,80821800
S;Sul;31-08-24 00:00:00;13.085,50138546
SE;Sudeste/Centro-Oeste;31-08-24 00:00:00;43.358,47171653
N;Norte;30-09-24 00:00:00;8.443,68287392
NE;Nordeste;30-09-24 00:00:00;13.081,38755442
S;Sul;30-09-24 00:00:00;12.971,63653154
SE;Sudeste/Centro-Oeste;30-09-24 00:00:00;46.673,18166260
N;Norte;31-10-24 00:00:00;8.274,10425591
NE;Nordeste;31-10-24 00:00:00;13.662,13343215
S;Sul;31-10-24 00:00:00;13.492,70899934
SE;Sudeste/Centro-Oeste;31-10-24 00:00:00;46.231,02316197
N;Norte;30-11-24 00:00:00;8.231,61481810
NE;Nordeste;30-11-24 00:00:00;13.589,11988502
S;Sul;30-11-24 00:00:00;14.249,53023595
SE;Sudeste/Centro-Oeste;30-11-24 00:00:00;45.076,43971800
N;Norte;31-12-24 00:00:00;7.859,63616247
NE;Nordeste;31-12-24 00:00:00;13.545,39332727
S;Sul;31-12-24 00:00:00;13.380,44505742
SE;Sudeste/Centro-Oeste;31-12-24 00:00:00;45.163,66937139
N;Norte;31-01-25 00:00:00;7.656,86521827
NE;Nordeste;31-01-25 00:00:00;13.361,44540702
S;Sul;31-01-25 00:00:00;15.115,03151513
SE;Sudeste/Centro-Oeste;31-01-25 00:00:00;47.084,07390017
N;Norte;28-02-25 00:00:00;7.718,13606667
NE;Nordeste;28-02-25 00:00:00;13.569,30762438
S;Sul;28-02-25 00:00:00;16.787,07564052
SE;Sudeste/Centro-Oeste;28-02-25 00:00:00;51.107,93950692
N;Norte;31-03-25 00:00:00;7.857,20117379
NE;Nordeste;31-03-25 00:00:00;13.546,72913765
S;Sul;31-03-25 00:00:00;15.543,51858029
SE;Sudeste/Centro-Oeste;31-03-25 00:00:00;49.246,23692895
N;Norte;30-04-25 00:00:00;8.094,90654782
NE;Nordeste;30-04-25 00:00:00;13.575,65756778
S;Sul;30-04-25 00:00:00;13.551,00720654
SE;Sudeste/Centro-Oeste;30-04-25 00:00:00;46.343,23198898
